Lat,Lon,Name,Parking_Space,Directions,Webpage
43.075183,-89.566091,Pope Farm Conservancy- Old Sauk,Yes,"https://www.google.com/maps/dir//43.075183,-89.566091/@43.075183,-89.568285,17z/data=!4m10!1m7!3m6!1s0x0:0x0!2zNDPCsDA0JzMwLjciTiA4OcKwMzMnNTcuOSJX!3b1!8m2!3d43.075183!4d-89.566091!4m1!3e1","https://town.middleton.wi.us/index.asp?SEC=CA102B3D-5C8E-4FEC-8A29-0C90F2908CC0&DE=EA815CED-3887-476A-9D24-7D0C5B14EA19"
43.07748,-89.565865,Pope Farm Conservancy- Old Sauk ,Yes,"https://www.google.com/maps/dir//43.07748,-89.565865/@43.0774839,-89.5680591,17z/data=!4m10!1m7!3m6!1s0x0:0x0!2zNDPCsDA0JzM4LjkiTiA4OcKwMzMnNTcuMSJX!3b1!8m2!3d43.07748!4d-89.565865!4m1!3e1","https://town.middleton.wi.us/index.asp?SEC=CA102B3D-5C8E-4FEC-8A29-0C90F2908CC0&DE=EA815CED-3887-476A-9D24-7D0C5B14EA19"
43.08166,-89.56671,Pope Farm Conservancy- Blackhawk,Yes,"https://www.google.com/maps/dir//43.08166,-89.56671/@43.0816639,-89.5689041,17z/data=!4m10!1m7!3m6!1s0x0:0x0!2zNDPCsDA0JzU0LjAiTiA4OcKwMzQnMDAuMiJX!3b1!8m2!3d43.08166!4d-89.56671!4m1!3e1","https://town.middleton.wi.us/index.asp?SEC=CA102B3D-5C8E-4FEC-8A29-0C90F2908CC0&DE=E5C41650-808C-482D-B56A-CDC6312ABEF8"
43.076951,-89.576117,Pope Farm Conservancy- Twin Valley,No,"https://www.google.com/maps/dir//43.076951,-89.576117/@43.0769549,-89.5783111,17z/data=!4m10!1m7!3m6!1s0x0:0x0!2zNDPCsDA0JzM3LjAiTiA4OcKwMzQnMzQuMCJX!3b1!8m2!3d43.076951!4d-89.576117!4m1!3e1","https://town.middleton.wi.us/index.asp?SEC=CA102B3D-5C8E-4FEC-8A29-0C90F2908CC0&DE=EA815CED-3887-476A-9D24-7D0C5B14EA19"
43.067551,-89.580109,Cardinal Point Tr,Yes,"https://www.google.com/maps/dir//43.067551,-89.580109/@43.0675549,-89.5823031,17z/data=!4m10!1m7!3m6!1s0x0:0x0!2zNDPCsDA0JzAzLjIiTiA4OcKwMzQnNDguNCJX!3b1!8m2!3d43.067551!4d-89.580109!4m1!3e1",None
43.07448,-89.573441,Pioneer Park/Town Hall,Yes,"https://www.google.com/maps/dir//43.07448,-89.573441/@43.0744839,-89.5756351,17z/data=!4m10!1m7!3m6!1s0x0:0x0!2zNDPCsDA0JzI4LjEiTiA4OcKwMzQnMjQuNCJX!3b1!8m2!3d43.07448!4d-89.573441!4m1!3e1","https://town.middleton.wi.us/index.asp?SEC=CA102B3D-5C8E-4FEC-8A29-0C90F2908CC0&DE=4DD07858-BCF5-4B71-84EE-624583BB133C"
43.074597,-89.595081,Goth Conservancy,Yes,"https://www.google.com/maps/dir//43.074597,-89.595081/@43.0746009,-89.5972751,17z/data=!4m10!1m7!3m6!1s0x0:0x0!2zNDPCsDA0JzI4LjYiTiA4OcKwMzUnNDIuMyJX!3b1!8m2!3d43.074597!4d-89.595081!4m1!3e1","https://town.middleton.wi.us/index.asp?SEC=CA102B3D-5C8E-4FEC-8A29-0C90F2908CC0&DE=BF881CEE-FF21-4230-B11C-C0CE793CCC7B"
43.0712235,-89.592099,Caribou Rd,No,"https://www.google.com/maps/dir//43.0712235,-89.592099/@43.0712274,-89.5942931,17z/data=!4m10!1m7!3m6!1s0x0:0x0!2zNDPCsDA0JzE2LjQiTiA4OcKwMzUnMzEuNiJX!3b1!8m2!3d43.0712235!4d-89.592099!4m1!3e1",None
43.07387,-89.58973,Adams Park Ct,No,"https://www.google.com/maps/dir//43.07387,-89.58973/@43.0738739,-89.5919241,17z/data=!4m10!1m7!3m6!1s0x0:0x0!2zNDPCsDA0JzI1LjkiTiA4OcKwMzUnMjMuMCJX!3b1!8m2!3d43.07387!4d-89.58973!4m1!3e1",None
43.06083,-89.592022,Cherrywood Acres Park,Yes,"https://www.google.com/maps/dir//43.06083,-89.592022/@43.0608339,-89.5942161,17z/data=!4m10!1m7!3m6!1s0x0:0x0!2zNDPCsDAzJzM5LjAiTiA4OcKwMzUnMzEuMyJX!3b1!8m2!3d43.06083!4d-89.592022!4m1!3e1","https://town.middleton.wi.us/index.asp?SEC=CA102B3D-5C8E-4FEC-8A29-0C90F2908CC0&DE=40312AD6-8E3A-452C-A358-0CBA8F73D90C"
43.058857,-89.591801,Voss Park,Yes,"https://www.google.com/maps/dir//43.058857,-89.591801/@43.0588609,-89.5939951,17z/data=!4m10!1m7!3m6!1s0x0:0x0!2zNDPCsDAzJzMxLjkiTiA4OcKwMzUnMzAuNSJX!3b1!8m2!3d43.058857!4d-89.591801!4m1!3e1","https://town.middleton.wi.us/index.asp?SEC=CA102B3D-5C8E-4FEC-8A29-0C90F2908CC0&DE=F64D3103-0799-45AD-A2FB-3774EFF32515"
43.05595,-89.591505,Swoboda Rd,No,"https://www.google.com/maps/dir//43.05595,-89.591505/@43.0559539,-89.5936991,17z/data=!4m10!1m7!3m6!1s0x0:0x0!2zNDPCsDAzJzIxLjQiTiA4OcKwMzUnMjkuNCJX!3b1!8m2!3d43.05595!4d-89.591505!4m1!3e1",None
43.050404,-89.592358,Swoboda Rd,No,"https://www.google.com/maps/dir//43.050404,-89.592358/@43.0504079,-89.5945521,17z/data=!4m10!1m7!3m6!1s0x0:0x0!2zNDPCsDAzJzAxLjUiTiA4OcKwMzUnMzIuNSJX!3b1!8m2!3d43.050404!4d-89.592358!4m1!3e1",None
43.046264,-89.58652,Sabaka Tr,No,"https://www.google.com/maps/dir//43.046264,-89.58652/@43.0462679,-89.5887141,17z/data=!4m10!1m7!3m6!1s0x0:0x0!2zNDPCsDAyJzQ2LjYiTiA4OcKwMzUnMTEuNSJX!3b1!8m2!3d43.046264!4d-89.58652!4m1!3e1",None
43.039424,-89.582597,Moraine Ridge Rd- Ice Age Trail,Yes,"https://www.google.com/maps/dir//43.039424,-89.582597/@43.0394279,-89.5847911,17z/data=!4m10!1m7!3m6!1s0x0:0x0!2zNDPCsDAyJzIxLjkiTiA4OcKwMzQnNTcuNCJX!3b1!8m2!3d43.039424!4d-89.582597!4m1!3e1",None
43.039854,-89.58454,Moraine Ridge Rd- Ice Age Trail,No,"https://www.google.com/maps/dir//43.039854,-89.58454/@43.0398579,-89.5867341,17z/data=!4m10!1m7!3m6!1s0x0:0x0!2zNDPCsDAyJzIzLjUiTiA4OcKwMzUnMDQuMyJX!3b1!8m2!3d43.039854!4d-89.58454!4m1!3e1",None
43.037012,-89.593853,Noll Valley Rd,No,"https://www.google.com/maps/dir//43.037012,-89.593853/@43.0370159,-89.5960471,17z/data=!4m10!1m7!3m6!1s0x0:0x0!2zNDPCsDAyJzEzLjIiTiA4OcKwMzUnMzcuOSJX!3b1!8m2!3d43.037012!4d-89.593853!4m1!3e1",None
43.038995,-89.593939,Noll Valley Rd- Noll Valley Conservancy,No,"https://www.google.com/maps/dir//43.038995,-89.593939/@43.0389989,-89.5961331,17z/data=!4m10!1m7!3m6!1s0x0:0x0!2zNDPCsDAyJzIwLjQiTiA4OcKwMzUnMzguMiJX!3b1!8m2!3d43.038995!4d-89.593939!4m1!3e1","https://town.middleton.wi.us/index.asp?SEC=CA102B3D-5C8E-4FEC-8A29-0C90F2908CC0&DE=DE49E982-71F0-481C-B3A7-6E29B2ECE09A"
43.041938,-89.596126,Ice Age Ln- Ice Age Trail,Yes,"https://www.google.com/maps/dir//43.041938,-89.596126/@43.0419419,-89.5983201,17z/data=!4m10!1m7!3m6!1s0x0:0x0!2zNDPCsDAyJzMxLjAiTiA4OcKwMzUnNDYuMSJX!3b1!8m2!3d43.041938!4d-89.596126!4m1!3e1",None
43.052086,-89.597545,Serene Ct,No,"https://www.google.com/maps/dir//43.052086,-89.597545/@43.0520899,-89.5997391,17z/data=!4m10!1m7!3m6!1s0x0:0x0!2zNDPCsDAzJzA3LjUiTiA4OcKwMzUnNTEuMiJX!3b1!8m2!3d43.052086!4d-89.597545!4m1!3e1",None
43.055855,-89.597129,Woodpond Tr,No,"https://www.google.com/maps/dir//43.055855,-89.597129/@43.0558589,-89.5993231,17z/data=!4m10!1m7!3m6!1s0x0:0x0!2zNDPCsDAzJzIxLjEiTiA4OcKwMzUnNDkuNyJX!3b1!8m2!3d43.055855!4d-89.597129!4m1!3e1",None
43.05804,-89.597759,Arapaho Ct,No,"https://www.google.com/maps/dir//43.05804,-89.597759/@43.0580439,-89.5999531,17z/data=!4m10!1m7!3m6!1s0x0:0x0!2zNDPCsDAzJzI4LjkiTiA4OcKwMzUnNTEuOSJX!3b1!8m2!3d43.05804!4d-89.597759!4m1!3e1",None
43.056532,-89.596098,Sequoia Tr,No,"https://www.google.com/maps/dir//43.056532,-89.596098/@43.0565359,-89.5982921,17z/data=!4m10!1m7!3m6!1s0x0:0x0!2zNDPCsDAzJzIzLjUiTiA4OcKwMzUnNDYuMCJX!3b1!8m2!3d43.056532!4d-89.596098!4m1!3e1",None
43.056056,-89.595248,Sequoia Tr,No,"https://www.google.com/maps/dir//43.056056,-89.595248/@43.0560599,-89.5974421,17z/data=!4m10!1m7!3m6!1s0x0:0x0!2zNDPCsDAzJzIxLjgiTiA4OcKwMzUnNDIuOSJX!3b1!8m2!3d43.056056!4d-89.595248!4m1!3e1",None
43.054695,-89.593065,Okanogan Ct,No,"https://www.google.com/maps/dir//43.054695,-89.593065/@43.0546989,-89.5952591,17z/data=!4m10!1m7!3m6!1s0x0:0x0!2zNDPCsDAzJzE2LjkiTiA4OcKwMzUnMzUuMCJX!3b1!8m2!3d43.054695!4d-89.593065!4m1!3e1",None
43.063918,-89.600799,Timber Ln,No,"https://www.google.com/maps/dir//43.063918,-89.600799/@43.0639219,-89.6029931,17z/data=!4m10!1m7!3m6!1s0x0:0x0!2zNDPCsDAzJzUwLjEiTiA4OcKwMzYnMDIuOSJX!3b1!8m2!3d43.063918!4d-89.600799!4m1!3e1",None
43.064371,-89.601101,Timber Ln- Ice Age Trail,Yes,"https://www.google.com/maps/dir//43.064371,-89.601101/@43.0643749,-89.6032951,17z/data=!4m10!1m7!3m6!1s0x0:0x0!2zNDPCsDAzJzUxLjciTiA4OcKwMzYnMDQuMCJX!3b1!8m2!3d43.064371!4d-89.601101!4m1!3e1",None
43.063852,-89.594057,Caribou Rd,No,"https://www.google.com/maps/dir//43.063852,-89.594057/@43.0638559,-89.5962511,17z/data=!4m10!1m7!3m6!1s0x0:0x0!2zNDPCsDAzJzQ5LjkiTiA4OcKwMzUnMzguNiJX!3b1!8m2!3d43.063852!4d-89.594057!4m1!3e1",None
43.065789,-89.5857,Almor Dr,No,"https://www.google.com/maps/dir//43.065789,-89.5857/@43.0657929,-89.5878941,17z/data=!4m10!1m7!3m6!1s0x0:0x0!2zNDPCsDAzJzU2LjgiTiA4OcKwMzUnMDguNSJX!3b1!8m2!3d43.065789!4d-89.5857!4m1!3e1",None
43.068209,-89.586341,Swoboda Rd,No,"https://www.google.com/maps/dir//43.068209,-89.586341/@43.0682129,-89.5885351,17z/data=!4m10!1m7!3m6!1s0x0:0x0!2zNDPCsDA0JzA1LjYiTiA4OcKwMzUnMTAuOCJX!3b1!8m2!3d43.068209!4d-89.586341!4m1!3e1",None
43.066719,-89.580326,Cardinal Point Tr,No,"https://www.google.com/maps/dir//43.066719,-89.580326/@43.0667229,-89.5825201,17z/data=!4m10!1m7!3m6!1s0x0:0x0!2zNDPCsDA0JzAwLjIiTiA4OcKwMzQnNDkuMiJX!3b1!8m2!3d43.066719!4d-89.580326!4m1!3e1",None
43.063322,-89.578884,Cardinal Point Tr,No,"https://www.google.com/maps/dir//43.063322,-89.578884/@43.0633259,-89.5810781,17z/data=!4m10!1m7!3m6!1s0x0:0x0!2zNDPCsDAzJzQ4LjAiTiA4OcKwMzQnNDQuMCJX!3b1!8m2!3d43.063322!4d-89.578884!4m1!3e1",None
43.064639,-89.577801,Cardinal Point Tr,No,"https://www.google.com/maps/dir//43.064639,-89.577801/@43.0646429,-89.5799951,17z/data=!4m10!1m7!3m6!1s0x0:0x0!2zNDPCsDAzJzUyLjciTiA4OcKwMzQnNDAuMSJX!3b1!8m2!3d43.064639!4d-89.577801!4m1!3e1",None
43.0644,-89.575806,Bay Laurel Ln,No,"https://www.google.com/maps/dir//43.0644,-89.575806/@43.0644039,-89.5780001,17z/data=!4m10!1m7!3m6!1s0x0:0x0!2zNDPCsDAzJzUxLjgiTiA4OcKwMzQnMzIuOSJX!3b1!8m2!3d43.0644!4d-89.575806!4m1!3e1",None
43.063125,-89.576095,Spruce Hollow Park,Yes,"https://www.google.com/maps/dir//43.063125,-89.576095/@43.0631289,-89.5782891,17z/data=!4m10!1m7!3m6!1s0x0:0x0!2zNDPCsDAzJzQ3LjMiTiA4OcKwMzQnMzMuOSJX!3b1!8m2!3d43.063125!4d-89.576095!4m1!3e1","https://town.middleton.wi.us/index.asp?SEC=CA102B3D-5C8E-4FEC-8A29-0C90F2908CC0&DE=1876679B-0D6B-4A1A-A215-578D66481B07"
43.0644,-89.57492,Silverbell Rd,No,"https://www.google.com/maps/dir//43.0644,-89.57492/@43.0644039,-89.5771141,17z/data=!4m10!1m7!3m6!1s0x0:0x0!2zNDPCsDAzJzUxLjgiTiA4OcKwMzQnMjkuNyJX!3b1!8m2!3d43.0644!4d-89.57492!4m1!3e1",None
43.065423,-89.573675,Lady Fern Ct,No,"https://www.google.com/maps/dir//43.065423,-89.573675/@43.0654269,-89.5758691,17z/data=!4m10!1m7!3m6!1s0x0:0x0!2zNDPCsDAzJzU1LjUiTiA4OcKwMzQnMjUuMiJX!3b1!8m2!3d43.065423!4d-89.573675!4m1!3e1",None
43.067399,-89.571539,Pioneer Rd,No,"https://www.google.com/maps/dir//43.067399,-89.571539/@43.0674029,-89.5737331,17z/data=!4m10!1m7!3m6!1s0x0:0x0!2zNDPCsDA0JzAyLjYiTiA4OcKwMzQnMTcuNSJX!3b1!8m2!3d43.067399!4d-89.571539!4m1!3e1",None
43.103032,-89.545596,Hinrich's Family Farm Park,No,"https://www.google.com/maps/dir//43.103032,-89.545596/@43.1030359,-89.5477901,17z/data=!4m10!1m7!3m6!1s0x0:0x0!2zNDPCsDA2JzEwLjkiTiA4OcKwMzInNDQuMiJX!3b1!8m2!3d43.103032!4d-89.545596!4m1!3e1",None
43.11308,-89.54501,Ed Tallard Park- Airport,Yes,"https://www.google.com/maps/dir//43.11308,-89.54501/@43.1130839,-89.5472041,17z/data=!4m10!1m7!3m6!1s0x0:0x0!2zNDPCsDA2JzQ3LjEiTiA4OcKwMzInNDIuMCJX!3b1!8m2!3d43.11308!4d-89.54501!4m1!3e1","https://town.middleton.wi.us/index.asp?SEC=CA102B3D-5C8E-4FEC-8A29-0C90F2908CC0&DE=F3D8C25D-60A1-4AC2-BE27-809EC06F6FC3"
43.114823,-89.551094,Ed Tallard Park- Capitol View,No,"https://www.google.com/maps/dir//43.114823,-89.551094/@43.1148269,-89.5532881,17z/data=!4m10!1m7!3m6!1s0x0:0x0!2zNDPCsDA2JzUzLjQiTiA4OcKwMzMnMDMuOSJX!3b1!8m2!3d43.114823!4d-89.551094!4m1!3e1","https://town.middleton.wi.us/index.asp?SEC=CA102B3D-5C8E-4FEC-8A29-0C90F2908CC0&DE=F3D8C25D-60A1-4AC2-BE27-809EC06F6FC3"
43.10811,-89.55223,Hickory Woods Park,Yes,"https://www.google.com/maps/dir//43.10811,-89.55223/@43.1081139,-89.5544241,17z/data=!4m10!1m7!3m6!1s0x0:0x0!2zNDPCsDA2JzI5LjIiTiA4OcKwMzMnMDguMCJX!3b1!8m2!3d43.10811!4d-89.55223!4m1!3e1","https://town.middleton.wi.us/index.asp?SEC=CA102B3D-5C8E-4FEC-8A29-0C90F2908CC0&DE=6AAB11FC-A807-439F-B2C6-E20FB462DC9A"
43.107809,-89.557203,Meadow Valley Rd,No,"https://www.google.com/maps/dir//43.107809,-89.557203/@43.1078129,-89.5593971,17z/data=!4m10!1m7!3m6!1s0x0:0x0!2zNDPCsDA2JzI4LjEiTiA4OcKwMzMnMjUuOSJX!3b1!8m2!3d43.107809!4d-89.557203!4m1!3e1",None
43.108855,-89.560236,Highfield Rd,No,"https://www.google.com/maps/dir//43.108855,-89.560236/@43.1088589,-89.5624301,17z/data=!4m10!1m7!3m6!1s0x0:0x0!2zNDPCsDA2JzMxLjkiTiA4OcKwMzMnMzYuOSJX!3b1!8m2!3d43.108855!4d-89.560236!4m1!3e1",None
43.10363,-89.56589,Summit Ridge Rd,No,"https://www.google.com/maps/dir//43.10363,-89.56589/@43.1036339,-89.5680841,17z/data=!4m10!1m7!3m6!1s0x0:0x0!2zNDPCsDA2JzEzLjEiTiA4OcKwMzMnNTcuMiJX!3b1!8m2!3d43.10363!4d-89.56589!4m1!3e1","https://town.middleton.wi.us/index.asp?SEC=CA102B3D-5C8E-4FEC-8A29-0C90F2908CC0&DE=F7C8A0F0-D14A-4C1E-8412-19EB983A90A3"
43.1121,-89.56412,Settler's Prairie Park- Ellington,Yes,"https://www.google.com/maps/dir//43.1121,-89.56412/@43.1121039,-89.5663141,17z/data=!4m10!1m7!3m6!1s0x0:0x0!2zNDPCsDA2JzQzLjYiTiA4OcKwMzMnNTAuOCJX!3b1!8m2!3d43.1121!4d-89.56412!4m1!3e1","https://town.middleton.wi.us/index.asp?SEC=CA102B3D-5C8E-4FEC-8A29-0C90F2908CC0&DE=B1A2D705-42E0-49DB-A40D-BD79575FA427"
43.113777,-89.566291,Settler's Prairie Park- Bergamot,Yes,"https://www.google.com/maps/dir//43.113777,-89.566291/@43.1137809,-89.5684851,17z/data=!4m10!1m7!3m6!1s0x0:0x0!2zNDPCsDA2JzQ5LjYiTiA4OcKwMzMnNTguNyJX!3b1!8m2!3d43.113777!4d-89.566291!4m1!3e1","https://town.middleton.wi.us/index.asp?SEC=CA102B3D-5C8E-4FEC-8A29-0C90F2908CC0&DE=3EFEE2D9-EE5E-4D58-8600-6453264DE0AB"
43.112339,-89.56728,Settler's Prairie Park- Bergamot,No,"https://www.google.com/maps/dir//43.112339,-89.56728/@43.1123429,-89.5694741,17z/data=!4m10!1m7!3m6!1s0x0:0x0!2zNDPCsDA2JzQ0LjQiTiA4OcKwMzQnMDIuMiJX!3b1!8m2!3d43.112339!4d-89.56728!4m1!3e1","https://town.middleton.wi.us/index.asp?SEC=CA102B3D-5C8E-4FEC-8A29-0C90F2908CC0&DE=3EFEE2D9-EE5E-4D58-8600-6453264DE0AB"
43.115952,-89.565892,Bergamot Way,No,"https://www.google.com/maps/dir//43.115952,-89.565892/@43.1159559,-89.5680861,17z/data=!4m10!1m7!3m6!1s0x0:0x0!2zNDPCsDA2JzU3LjQiTiA4OcKwMzMnNTcuMiJX!3b1!8m2!3d43.115952!4d-89.565892!4m1!3e1",None
43.112092,-89.582155,Sunset Ridge Rd,No,"https://www.google.com/maps/dir//43.112092,-89.582155/@43.1120959,-89.5843491,17z/data=!4m10!1m7!3m6!1s0x0:0x0!2zNDPCsDA2JzQzLjUiTiA4OcKwMzQnNTUuOCJX!3b1!8m2!3d43.112092!4d-89.582155!4m1!3e1",None
43.11428,-89.58337,Delmara Rd,No,"https://www.google.com/maps/dir//43.11428,-89.58337/@43.1142839,-89.5855641,17z/data=!4m10!1m7!3m6!1s0x0:0x0!2zNDPCsDA2JzUxLjQiTiA4OcKwMzUnMDAuMSJX!3b1!8m2!3d43.11428!4d-89.58337!4m1!3e1",None
43.11457,-89.58724,Westman Way Rd,No,"https://www.google.com/maps/dir//43.11457,-89.58724/@43.1145739,-89.5894341,17z/data=!4m10!1m7!3m6!1s0x0:0x0!2zNDPCsDA2JzUyLjUiTiA4OcKwMzUnMTQuMSJX!3b1!8m2!3d43.11457!4d-89.58724!4m1!3e1",None
43.115601,-89.59002,Westman Way Rd,No,"https://www.google.com/maps/dir//43.115601,-89.59002/@43.1156049,-89.5922141,17z/data=!4m10!1m7!3m6!1s0x0:0x0!2zNDPCsDA2JzU2LjIiTiA4OcKwMzUnMjQuMSJX!3b1!8m2!3d43.115601!4d-89.59002!4m1!3e1","https://town.middleton.wi.us/index.asp?SEC=CA102B3D-5C8E-4FEC-8A29-0C90F2908CC0&DE=B3C61FE9-6CA9-4432-BCB7-553881980A5B"
43.115352,-89.591923,Toepfer Rd,No,"https://www.google.com/maps/dir//43.115352,-89.591923/@43.1153559,-89.5941171,17z/data=!4m10!1m7!3m6!1s0x0:0x0!2zNDPCsDA2JzU1LjMiTiA4OcKwMzUnMzAuOSJX!3b1!8m2!3d43.115352!4d-89.591923!4m1!3e1",None
43.107385,-89.583693,Rocky Dell Rd,No,"https://www.google.com/maps/dir//43.107385,-89.583693/@43.1073889,-89.5858871,17z/data=!4m10!1m7!3m6!1s0x0:0x0!2zNDPCsDA2JzI2LjYiTiA4OcKwMzUnMDEuMyJX!3b1!8m2!3d43.107385!4d-89.583693!4m1!3e1",None
43.108832,-89.585417,Payvery Tr,No,"https://www.google.com/maps/dir//43.108832,-89.585417/@43.1088359,-89.5876111,17z/data=!4m10!1m7!3m6!1s0x0:0x0!2zNDPCsDA2JzMxLjgiTiA4OcKwMzUnMDcuNSJX!3b1!8m2!3d43.108832!4d-89.585417!4m1!3e1",None
43.116861,-89.575953,Bronner Rd,No,"https://www.google.com/maps/dir//43.116861,-89.575953/@43.1168649,-89.5781471,17z/data=!4m10!1m7!3m6!1s0x0:0x0!2zNDPCsDA3JzAwLjciTiA4OcKwMzQnMzMuNCJX!3b1!8m2!3d43.116861!4d-89.575953!4m1!3e1",None
